"CBSA","CBSA Code","Year","Days with AQI","Good Days","Moderate Days","Unhealthy for Sensitive Groups Days","Unhealthy Days","Very Unhealthy Days","Hazardous Days","Max AQI","90th Percentile AQI","Median AQI","Days CO","Days NO2","Days Ozone","Days PM2.5","Days PM10"
"Aberdeen, SD","10100",2022,177,174,3,0,0,0,0,66,33,18,0,0,0,96,81
"Aberdeen, WA","10140",2022,212,211,1,0,0,0,0,63,23,14,0,0,0,212,0
"Ada, OK","10220",2022,61,50,11,0,0,0,0,90,58,44,0,0,45,16,0
"Adrian, MI","10300",2022,181,146,35,0,0,0,0,97,62,39,0,0,104,77,0
"Akron, OH","10420",2022,253,191,58,3,1,0,0,159,66,43,0,0,162,91,0
"Albany, GA","10500",2022,241,166,70,4,1,0,0,151,61,36,0,0,0,241,0
"Albany, OR","10540",2022,181,162,19,0,0,0,0,70,52,20,0,0,0,181,0
"Albany-Schenectady-Troy, NY","10580",2022,273,239,34,0,0,0,0,87,52,39,0,0,214,59,0
"Albuquerque, NM","10740",2022,273,105,160,6,1,0,1,331,84,54,0,0,195,32,46
"Alexandria, LA","10780",2022,60,51,8,1,0,0,0,105,53,30,0,0,0,60,0
"Allentown-Bethlehem-Easton, PA-NJ","10900",2022,304,244,60,0,0,0,0,93,58,39,0,48,176,76,4
"Altoona, PA","11020",2022,219,177,42,0,0,0,0,97,54,40,0,0,89,130,0
"Amarillo, TX","11100",2022,243,159,80,4,0,0,0,122,80,47,0,0,212,31,0
"Americus, GA","11140",2022,207,194,13,0,0,0,0,93,47,34,0,0,207,0,0
"Anchorage, AK","11260",2022,244,206,37,1,0,0,0,125,59,23,1,0,0,117,126
"Ann Arbor, MI","11460",2022,237,195,41,1,0,0,0,101,61,40,0,0,188,49,0
"Appleton, WI","11540",2022,273,238,34,1,0,0,0,122,53,38,0,0,140,133,0
"Ardmore, OK","11620",2022,273,181,85,7,0,0,0,150,77,45,0,0,180,93,0
"Arkadelphia, AR","11660",2022,241,232,9,0,0,0,0,90,45,36,0,0,241,0,0
"Asheville, NC","11700",2022,273,227,45,1,0,0,0,108,58,43,0,0,205,68,0
"Ashtabula, OH","11780",2022,178,152,21,5,0,0,0,133,58,40,0,0,178,0,0
"Athens, OH","11900",2022,80,77,3,0,0,0,0,63,40,23,0,0,0,80,0
"Athens, TN","11940",2022,174,152,22,0,0,0,0,70,53,30,0,0,0,174,0
"Athens-Clarke County, GA","12020",2022,243,183,60,0,0,0,0,87,60,44,0,0,131,112,0
"Atlanta-Sandy Springs-Roswell, GA","12060",2022,274,153,113,7,1,0,0,169,71,48,1,7,145,121,0
"Atlantic City-Hammonton, NJ","12100",2022,269,257,11,0,1,0,0,176,46,34,0,0,231,38,0
"Augusta-Richmond County, GA-SC","12260",2022,273,207,66,0,0,0,0,99,59,42,0,0,159,114,0
"Augusta-Waterville, ME","12300",2022,184,180,4,0,0,0,0,84,44,31,0,0,167,17,0
"Austin-Round Rock, TX","12420",2022,244,161,81,2,0,0,0,115,73,45,1,6,124,113,0
"Bakersfield, CA","12540",2022,210,81,106,21,2,0,0,152,107,57,0,0,102,92,16
"Baltimore-Columbia-Towson, MD","12580",2022,273,189,82,2,0,0,0,122,71,45,0,6,208,59,0
"Bangor, ME","12620",2022,272,258,14,0,0,0,0,87,46,33,0,0,194,76,2
"Baraboo, WI","12660",2022,273,240,33,0,0,0,0,76,52,37,0,0,153,120,0
"Barnstable Town, MA","12700",2022,177,171,6,0,0,0,0,74,44,38,0,0,177,0,0
"Baton Rouge, LA","12940",2022,273,163,100,10,0,0,0,141,80,46,0,0,165,108,0
"Bay City, MI","13020",2022,181,170,11,0,0,0,0,68,40,19,0,0,0,181,0
"Beatrice, NE","13100",2022,165,156,9,0,0,0,0,78,43,20,0,0,0,165,0
"Beaumont-Port Arthur, TX","13140",2022,212,150,59,3,0,0,0,112,67,44,0,2,121,89,0
"Beaver Dam, WI","13180",2022,274,238,36,0,0,0,0,93,53,38,1,0,213,60,0
"Bellingham, WA","13380",2022,182,179,3,0,0,0,0,74,40,32,0,0,169,13,0
"Bemidji, MN","13420",2022,86,83,3,0,0,0,0,60,45,28,0,0,0,86,0
"Bend-Redmond, OR","13460",2022,181,171,9,0,1,0,0,153,32,13,0,0,0,181,0
"Bennington, VT","13540",2022,181,171,10,0,0,0,0,67,47,38,0,0,159,22,0
"Berlin, NH-VT","13620",2022,181,176,5,0,0,0,0,64,46,41,0,0,181,0,0
"Billings, MT","13740",2022,243,238,4,0,1,0,0,154,35,21,0,0,0,243,0
"Birmingham-Hoover, AL","13820",2022,182,89,90,3,0,0,0,105,74,51,1,0,67,114,0
"Bishop, CA","13860",2022,304,162,125,11,2,2,2,1445,85,50,0,0,177,94,33
"Bismarck, ND","13900",2022,244,212,32,0,0,0,0,87,52,39,1,1,177,63,2
"Blacksburg-Christiansburg-Radford, VA","13980",2022,239,211,28,0,0,0,0,100,51,40,0,0,239,0,0
"Bloomington, IL","14010",2022,273,211,60,2,0,0,0,129,60,42,0,0,161,112,0
"Bloomington, IN","14020",2022,239,195,42,2,0,0,0,101,61,40,0,0,157,82,0
"Boise City, ID","14260",2022,182,130,52,0,0,0,0,74,60,44,1,3,113,63,2
"Boston-Cambridge-Newton, MA-NH","14460",2022,182,146,36,0,0,0,0,90,57,44,1,5,118,58,0
"Boulder, CO","14500",2022,275,168,100,7,0,0,0,129,80,48,0,0,235,39,1
"Bowling Green, KY","14540",2022,213,176,37,0,0,0,0,84,55,42,2,0,160,51,0
"Bozeman, MT","14580",2022,243,233,10,0,0,0,0,73,38,23,0,2,0,241,0
"Brainerd, MN","14660",2022,181,172,9,0,0,0,0,67,45,38,0,0,115,66,0
"Bremerton-Silverdale, WA","14740",2022,207,202,5,0,0,0,0,55,36,19,0,0,0,207,0
"Bridgeport-Stamford-Norwalk, CT","14860",2022,181,129,48,4,0,0,0,140,62,44,0,7,106,68,0
"Brookings, SD","15100",2022,180,162,18,0,0,0,0,87,51,35,0,0,138,23,19
"Brownsville-Harlingen, TX","15180",2022,212,124,85,3,0,0,0,120,71,47,0,0,66,146,0
"Brunswick, GA","15260",2022,273,238,34,1,0,0,0,106,53,37,0,0,126,147,0
"Buffalo-Cheektowaga-Niagara Falls, NY","15380",2022,274,217,55,2,0,0,0,150,62,40,1,4,194,74,1
"Burlington-South Burlington, VT","15540",2022,182,166,16,0,0,0,0,89,49,42,1,0,151,30,0
"Butte-Silver Bow, MT","15580",2022,243,217,25,1,0,0,0,102,51,19,0,0,0,134,109
"Cadillac, MI","15620",2022,242,203,35,4,0,0,0,136,58,40,0,0,180,62,0
"Cambridge, MD","15700",2022,242,212,30,0,0,0,0,93,51,41,0,0,228,14,0
"Canton-Massillon, OH","15940",2022,243,179,62,2,0,0,0,136,65,44,0,0,139,104,0
"Cape Coral-Fort Myers, FL","15980",2022,181,154,27,0,0,0,0,80,54,41,0,0,132,49,0
"Carlsbad-Artesia, NM","16100",2022,212,111,80,21,0,0,0,150,100,49,0,0,212,0,0
"Carson City, NV","16180",2022,181,159,22,0,0,0,0,77,54,42,0,0,164,17,0
"Casper, WY","16220",2022,181,172,9,0,0,0,0,64,48,43,0,0,181,0,0
"Ca¤on City, CO","15860",2022,74,71,3,0,0,0,0,77,28,12,0,0,0,0,74
"Cedar City, UT","16260",2022,304,257,47,0,0,0,0,80,54,43,0,11,280,13,0
"Cedar Rapids, IA","16300",2022,304,231,73,0,0,0,0,79,56,42,0,0,161,143,0
"Centralia, WA","16500",2022,212,205,7,0,0,0,0,64,40,16,0,0,0,212,0
"Chambersburg-Waynesboro, PA","16540",2022,115,105,10,0,0,0,0,84,49,41,0,0,115,0,0
"Champaign-Urbana, IL","16580",2022,273,224,48,1,0,0,0,126,58,40,0,0,198,75,0
"Charleston, WV","16620",2022,175,144,31,0,0,0,0,90,57,41,2,0,101,72,0
"Charleston-North Charleston, SC","16700",2022,273,221,52,0,0,0,0,84,56,40,0,1,136,136,0
"Charlotte-Concord-Gastonia, NC-SC","16740",2022,274,182,89,3,0,0,0,119,74,47,1,0,201,72,0
"Charlottesville, VA","16820",2022,206,185,21,0,0,0,0,67,51,39,0,0,99,107,0
"Chattanooga, TN-GA","16860",2022,298,185,112,1,0,0,0,105,67,46,0,0,132,166,0
"Cheyenne, WY","16940",2022,182,163,19,0,0,0,0,74,51,43,1,0,168,11,2
"Chicago-Naperville-Elgin, IL-IN-WI","16980",2022,274,139,122,11,2,0,0,164,83,50,1,14,127,115,17
"Chico, CA","17020",2022,187,144,43,0,0,0,0,90,67,43,1,0,143,43,0
"Cincinnati, OH-KY-IN","17140",2022,274,134,134,5,1,0,0,151,77,51,1,9,119,139,6
"Claremont-Lebanon, NH-VT","17200",2022,181,175,6,0,0,0,0,80,46,37,0,0,158,23,0
"Clarksburg, WV","17220",2022,57,51,6,0,0,0,0,64,51,28,0,0,0,57,0
"Clarksville, TN-KY","17300",2022,181,137,44,0,0,0,0,85,62,43,0,0,108,73,0
"Clearlake, CA","17340",2022,15,15,0,0,0,0,0,33,23,16,0,0,0,14,1
"Cleveland, MS","17380",2022,273,226,47,0,0,0,0,92,55,39,0,0,147,126,0
"Cleveland-Elyria, OH","17460",2022,254,145,103,5,1,0,0,156,75,47,1,4,133,111,5
"Clinton, IA","17540",2022,303,206,96,1,0,0,0,107,64,42,0,0,129,174,0
"Coeur d'Alene, ID","17660",2022,181,179,2,0,0,0,0,57,25,10,0,0,0,181,0
"College Station-Bryan, TX","17780",2022,224,197,27,0,0,0,0,93,52,31,0,0,0,224,0
"Colorado Springs, CO","17820",2022,276,171,103,2,0,0,0,115,77,48,1,0,267,6,2
"Columbia, MO","17860",2022,122,116,6,0,0,0,0,67,49,40,0,0,122,0,0
"Columbia, SC","17900",2022,273,220,53,0,0,0,0,93,60,42,0,0,177,96,0
"Columbus, GA-AL","17980",2022,243,187,54,2,0,0,0,149,61,42,0,0,113,130,0
"Columbus, IN","18020",2022,211,174,36,1,0,0,0,105,61,41,0,0,178,33,0
"Columbus, OH","18140",2022,244,179,62,3,0,0,0,143,67,44,1,2,155,86,0
"Concord, NH","18180",2022,120,117,3,0,0,0,0,67,45,39,0,0,120,0,0
"Cookeville, TN","18260",2022,181,168,13,0,0,0,0,79,45,25,0,0,0,181,0
"Corning, NY","18500",2022,274,259,15,0,0,0,0,67,47,37,1,0,228,45,0
"Corpus Christi, TX","18580",2022,181,121,59,1,0,0,0,106,63,45,0,0,84,97,0
"Corsicana, TX","18620",2022,212,164,47,1,0,0,0,101,64,43,0,3,154,55,0
"Corvallis, OR","18700",2022,181,170,11,0,0,0,0,64,43,16,0,0,0,181,0
"Crescent City, CA","18860",2022,171,163,8,0,0,0,0,70,40,23,0,0,0,171,0
"Crestview-Fort Walton Beach-Destin, FL","18880",2022,170,155,15,0,0,0,0,84,49,39,0,0,166,0,4
"Dallas-Fort Worth-Arlington, TX","19100",2022,213,97,84,30,2,0,0,187,120,51,1,11,138,62,1
"Dalton, GA","19140",2022,181,156,24,1,0,0,0,105,54,40,0,0,181,0,0
"Danville, VA","19260",2022,180,180,0,0,0,0,0,28,8,3,0,180,0,0,0
"Daphne-Fairhope-Foley, AL","19300",2022,141,119,22,0,0,0,0,96,52,40,0,0,114,27,0
"Davenport-Moline-Rock Island, IA-IL","19340",2022,305,223,82,0,0,0,0,96,65,42,1,0,163,88,53
"Dayton, OH","19380",2022,274,197,74,3,0,0,0,136,62,44,1,0,185,88,0
"Decatur, AL","19460",2022,181,136,45,0,0,0,0,97,60,43,0,0,83,98,0
"Decatur, IL","19500",2022,273,220,51,2,0,0,0,115,58,41,0,0,155,118,0
"Deltona-Daytona Beach-Ormond Beach, FL","19660",2022,181,148,33,0,0,0,0,100,56,43,0,0,119,62,0
"Deming, NM","19700",2022,181,143,30,5,2,0,1,775,61,22,0,0,0,0,181
"Denver-Aurora-Lakewood, CO","19740",2022,282,84,163,34,1,0,0,169,105,61,0,28,217,22,15
"Des Moines-West Des Moines, IA","19780",2022,304,267,37,0,0,0,0,77,52,39,0,11,201,90,2
"Detroit-Warren-Dearborn, MI","19820",2022,182,75,97,10,0,0,0,133,84,54,1,8,50,116,7
"Dickinson, ND","19860",2022,241,239,2,0,0,0,0,54,44,38,0,0,225,16,0
"Dodge City, KS","19980",2022,179,161,18,0,0,0,0,87,53,18,0,0,0,0,179
"Douglas, GA","20060",2022,71,65,6,0,0,0,0,71,46,28,0,0,0,71,0
"Dover, DE","20100",2022,59,47,12,0,0,0,0,71,55,37,0,0,22,37,0
"DuBois, PA","20180",2022,105,102,3,0,0,0,0,97,44,37,0,0,105,0,0
"Duluth, MN-WI","20260",2022,210,201,9,0,0,0,0,71,45,37,0,4,185,16,5
"Durango, CO","20420",2022,306,210,95,1,0,0,0,108,74,47,0,0,298,8,0
"Durham-Chapel Hill, NC","20500",2022,273,246,27,0,0,0,0,93,50,41,0,0,201,72,0
"Dyersburg, TN","20540",2022,181,163,17,1,0,0,0,102,50,27,0,0,0,181,0
"Eagle Pass, TX","20580",2022,203,157,45,1,0,0,0,107,62,32,0,0,0,203,0
"East Stroudsburg, PA","20700",2022,103,93,10,0,0,0,0,74,50,42,0,0,103,0,0
"Eau Claire, WI","20740",2022,273,244,29,0,0,0,0,74,52,37,0,0,149,124,0
"Effingham, IL","20820",2022,208,185,23,0,0,0,0,100,51,38,0,0,208,0,0
"El Centro, CA","20940",2022,238,82,122,23,4,2,5,762,114,57,0,4,74,42,118
"El Dorado, AR","20980",2022,37,26,11,0,0,0,0,66,58,32,0,0,0,37,0
"El Paso, TX","21340",2022,213,75,123,14,1,0,0,163,94,56,1,10,117,74,11
"Elizabethtown-Fort Knox, KY","21060",2022,183,149,34,0,0,0,0,84,59,42,0,0,90,93,0
"Elkhart-Goshen, IN","21140",2022,269,234,34,1,0,0,0,105,54,38,0,0,197,72,0
"Elko, NV","21220",2022,181,167,12,2,0,0,0,149,34,15,0,0,0,0,181
"Ellensburg, WA","21260",2022,210,183,26,0,1,0,0,151,54,15,0,0,0,210,0
"Erie, PA","21500",2022,304,279,25,0,0,0,0,90,47,31,2,32,85,151,34
"Espa¤ola, NM","21580",2022,228,203,24,1,0,0,0,105,51,43,0,0,228,0,0
"Eugene, OR","21660",2022,181,99,51,14,17,0,0,196,137,43,0,0,17,164,0
"Eureka-Arcata-Fortuna, CA","21700",2022,274,269,5,0,0,0,0,68,32,23,1,0,214,30,29
"Evanston, WY","21740",2022,181,179,2,0,0,0,0,55,17,6,0,0,0,0,181
"Evansville, IN-KY","21780",2022,273,190,82,1,0,0,0,101,65,44,0,0,175,98,0
"Fairbanks, AK","21820",2022,201,140,45,8,7,1,0,280,85,39,23,0,89,86,3
"Fairmont, WV","21900",2022,58,51,7,0,0,0,0,69,54,28,0,0,0,58,0
"Fallon, NV","21980",2022,168,160,8,0,0,0,0,64,47,40,0,0,168,0,0
"Fargo, ND-MN","22020",2022,243,226,17,0,0,0,0,71,48,37,0,5,188,50,0
"Farmington, NM","22140",2022,273,147,115,9,1,1,0,220,84,50,0,2,251,0,20
"Fayetteville, NC","22180",2022,273,219,53,1,0,0,0,115,60,41,0,0,201,69,3
"Fayetteville-Springdale-Rogers, AR-MO","22220",2022,200,189,10,1,0,0,0,108,48,38,0,0,176,15,9
"Fernley, NV","22280",2022,180,170,10,0,0,0,0,71,48,40,0,0,180,0,0
"Flagstaff, AZ","22380",2022,273,196,76,1,0,0,0,101,67,47,0,0,273,0,0
"Flint, MI","22420",2022,180,139,39,2,0,0,0,112,64,40,0,0,103,77,0
"Florence, SC","22500",2022,252,218,34,0,0,0,0,84,52,39,0,0,131,121,0
"Fond du Lac, WI","22540",2022,185,175,9,1,0,0,0,108,48,37,0,0,185,0,0
"Fort Collins, CO","22660",2022,274,137,129,8,0,0,0,126,87,51,1,0,261,12,0
"Fort Madison-Keokuk, IA-IL-MO","22800",2022,75,68,7,0,0,0,0,72,48,29,0,0,0,75,0
"Fort Payne, AL","22840",2022,242,225,17,0,0,0,0,97,48,37,0,0,224,18,0
"Fort Smith, AR-OK","22900",2022,189,159,28,2,0,0,0,122,56,38,0,7,82,100,0
"Fort Wayne, IN","23060",2022,273,219,51,3,0,0,0,115,64,41,0,0,187,86,0
"Fresno, CA","23420",2022,243,77,134,31,1,0,0,151,103,64,0,0,166,73,4
"Gadsden, AL","23460",2022,179,140,39,0,0,0,0,93,58,42,0,0,76,103,0
"Gainesville, FL","23540",2022,181,164,17,0,0,0,0,84,50,40,0,0,133,48,0
"Gainesville, GA","23580",2022,242,196,46,0,0,0,0,76,55,36,0,0,0,242,0
"Gardnerville Ranchos, NV","23820",2022,181,174,7,0,0,0,0,57,37,13,0,0,0,181,0
"Gettysburg, PA","23900",2022,305,247,58,0,0,0,0,97,55,41,7,55,166,77,0
"Gillette, WY","23940",2022,212,158,52,0,1,0,1,576,64,43,0,0,79,37,96
"Glenwood Springs, CO","24060",2022,272,246,26,0,0,0,0,84,50,43,0,0,270,0,2
"Grand Island, NE","24260",2022,293,277,16,0,0,0,0,81,44,21,0,0,0,293,0
"Grand Junction, CO","24300",2022,276,219,56,1,0,0,0,108,58,45,0,0,250,21,5
"Grand Rapids-Wyoming, MI","24340",2022,182,127,51,2,2,0,0,164,67,42,1,3,105,72,1
"Grants Pass, OR","24420",2022,181,138,41,2,0,0,0,125,75,20,0,0,0,181,0
"Great Falls, MT","24500",2022,239,235,4,0,0,0,0,54,27,15,0,0,0,239,0
"Greeley, CO","24540",2022,277,125,142,10,0,0,0,133,90,51,1,2,225,49,0
"Green Bay, WI","24580",2022,267,226,36,4,1,0,0,161,61,38,0,0,173,94,0
"Greenfield Town, MA","24640",2022,181,151,30,0,0,0,0,80,55,38,0,0,117,64,0
"Greensboro-High Point, NC","24660",2022,273,214,59,0,0,0,0,84,57,43,0,0,187,84,2
"Greenville, NC","24780",2022,273,255,18,0,0,0,0,97,48,37,0,0,203,70,0
"Greenville-Anderson-Mauldin, SC","24860",2022,262,185,77,0,0,0,0,90,61,44,0,0,144,118,0
"Guayama, PR","25020",2022,55,52,3,0,0,0,0,63,34,15,0,0,0,32,23
"Gulfport-Biloxi-Pascagoula, MS","25060",2022,273,200,72,1,0,0,0,101,64,42,0,1,148,124,0
"Hagerstown-Martinsburg, MD-WV","25180",2022,269,235,34,0,0,0,0,87,53,40,0,0,192,77,0
"Hailey, ID","25200",2022,173,173,0,0,0,0,0,44,29,17,0,0,0,173,0
"Hammond, LA","25220",2022,60,53,7,0,0,0,0,96,54,31,0,0,0,60,0
"Hanford-Corcoran, CA","25260",2022,304,76,197,30,1,0,0,187,101,67,0,0,174,72,58
"Harrisburg-Carlisle, PA","25420",2022,304,233,69,2,0,0,0,112,61,38,0,0,83,160,61
"Harrison, AR","25460",2022,181,169,11,1,0,0,0,105,48,39,0,0,181,0,0
"Harrisonburg, VA","25500",2022,206,195,11,0,0,0,0,74,47,36,0,47,113,46,0
"Hartford-West Hartford-East Hartford, CT","25540",2022,181,142,38,1,0,0,0,112,62,42,0,9,129,43,0
"Hattiesburg, MS","25620",2022,273,211,61,1,0,0,0,105,58,37,0,0,0,273,0
"Helena, MT","25740",2022,244,223,21,0,0,0,0,71,50,43,1,0,201,42,0
"Hermiston-Pendleton, OR","25840",2022,181,168,13,0,0,0,0,94,48,31,0,0,58,123,0
"Hickory-Lenoir-Morganton, NC","25860",2022,273,215,58,0,0,0,0,90,58,42,0,0,177,96,0
"Hilo, HI","25900",2022,209,207,2,0,0,0,0,58,38,26,0,0,0,209,0
"Hobbs, NM","26020",2022,181,124,53,4,0,0,0,126,67,45,0,2,135,44,0
"Holland, MI","26090",2022,172,138,29,3,2,0,0,195,64,38,0,0,104,68,0
"Homosassa Springs, FL","26140",2022,176,160,16,0,0,0,0,68,49,35,0,0,0,176,0
"Hot Springs, AR","26300",2022,39,36,3,0,0,0,0,67,48,33,0,0,0,39,0
"Houma-Thibodaux, LA","26380",2022,264,227,36,1,0,0,0,109,53,37,0,0,143,121,0
"Houston-The Woodlands-Sugar Land, TX","26420",2022,213,53,142,15,3,0,0,179,97,57,1,5,94,105,8
"Huntington-Ashland, WV-KY-OH","26580",2022,243,200,43,0,0,0,0,93,55,41,0,3,138,100,2
"Huntsville, AL","26620",2022,181,134,47,0,0,0,0,97,60,43,0,0,71,107,3
"Idaho Falls, ID","26820",2022,212,190,22,0,0,0,0,71,51,43,0,0,200,12,0
"Indiana, PA","26860",2022,243,212,30,1,0,0,0,105,52,39,0,0,95,148,0
"Indianapolis-Carmel-Anderson, IN","26900",2022,274,157,107,10,0,0,0,133,76,48,1,5,138,130,0
"Iowa City, IA","26980",2022,303,262,41,0,0,0,0,81,54,31,0,0,0,303,0
"Ithaca, NY","27060",2022,239,227,12,0,0,0,0,67,46,39,0,0,239,0,0
"Jackson, MS","27140",2022,274,197,75,2,0,0,0,105,62,43,1,0,129,144,0
"Jackson, TN","27180",2022,175,152,22,1,0,0,0,102,53,30,0,0,0,175,0
"Jackson, WY-ID","27220",2022,213,200,13,0,0,0,0,100,48,44,1,1,209,2,0
"Jacksonville, FL","27260",2022,182,122,60,0,0,0,0,90,64,46,1,2,88,90,1
"Jamestown-Dunkirk-Fredonia, NY","27460",2022,269,244,21,4,0,0,0,140,50,39,0,0,263,6,0
"Janesville-Beloit, WI","27500",2022,186,168,18,0,0,0,0,97,50,40,0,0,186,0,0
"Jasper, IN","27540",2022,76,67,9,0,0,0,0,86,53,32,0,0,0,72,4
"Jefferson City, MO","27620",2022,122,110,12,0,0,0,0,74,50,41,0,0,122,0,0
"Johnstown, PA","27780",2022,303,219,83,1,0,0,0,119,61,40,4,49,74,163,13
"Joplin, MO","27900",2022,181,148,32,1,0,0,0,108,66,40,0,0,105,0,76
"Juneau, AK","27940",2022,188,171,17,0,0,0,0,89,46,14,0,0,0,187,1
"Kahului-Wailuku-Lahaina, HI","27980",2022,181,179,2,0,0,0,0,72,28,18,0,0,0,181,0
"Kalamazoo-Portage, MI","28020",2022,170,118,51,1,0,0,0,119,67,43,0,0,89,81,0
"Kalispell, MT","28060",2022,243,219,24,0,0,0,0,69,50,38,0,0,153,56,34
"Kansas City, MO-KS","28140",2022,182,108,74,0,0,0,0,93,74,48,1,4,84,83,10
"Kapaa, HI","28180",2022,90,90,0,0,0,0,0,34,19,10,0,17,0,73,0
"Keene, NH","28300",2022,181,161,20,0,0,0,0,80,51,38,0,0,139,42,0
"Kennewick-Richland, WA","28420",2022,212,197,15,0,0,0,0,100,46,34,0,0,101,77,34
"Killeen-Temple, TX","28660",2022,243,179,61,3,0,0,0,129,73,44,0,0,182,61,0
"Kingsport-Bristol-Bristol, TN-VA","28700",2022,209,182,27,0,0,0,0,87,54,40,0,0,108,101,0
"Kingsville, TX","28780",2022,174,109,61,4,0,0,0,133,66,40,0,0,0,174,0
"Kinston, NC","28820",2022,210,186,23,1,0,0,0,108,54,39,0,0,210,0,0
"Klamath Falls, OR","28900",2022,181,144,36,1,0,0,0,103,59,19,0,0,0,181,0
"Knoxville, TN","28940",2022,273,184,88,1,0,0,0,115,64,45,0,0,162,111,0
"Kokomo, IN","29020",2022,243,187,52,4,0,0,0,108,62,40,0,0,167,76,0
"La Crosse-Onalaska, WI-MN","29100",2022,273,245,28,0,0,0,0,67,51,37,0,0,155,118,0
"La Grande, OR","29260",2022,181,171,10,0,0,0,0,70,38,16,0,0,0,178,3
"Laconia, NH","29060",2022,181,177,4,0,0,0,0,58,44,34,0,0,122,59,0
"Lafayette, LA","29180",2022,273,200,71,2,0,0,0,103,64,41,0,0,187,86,0
"Lafayette-West Lafayette, IN","29200",2022,273,237,36,0,0,0,0,95,55,38,0,0,225,48,0
"Lake Charles, LA","29340",2022,273,180,93,0,0,0,0,100,67,44,0,0,113,157,3
"Lake City, FL","29380",2022,179,147,32,0,0,0,0,90,58,41,0,0,114,65,0
"Lake Havasu City-Kingman, AZ","29420",2022,273,257,15,1,0,0,0,115,36,18,0,0,0,0,273
"Lakeland-Winter Haven, FL","29460",2022,181,152,29,0,0,0,0,87,55,41,0,0,121,60,0
"Lancaster, PA","29540",2022,304,168,134,1,1,0,0,152,71,48,0,0,43,200,61
"Lansing-East Lansing, MI","29620",2022,181,134,47,0,0,0,0,93,60,41,0,6,97,78,0
"Laramie, WY","29660",2022,243,142,100,0,1,0,0,151,67,49,0,17,187,1,38
"Laredo, TX","29700",2022,208,138,68,2,0,0,0,114,72,42,0,0,0,201,7
"Las Cruces, NM","29740",2022,273,118,127,23,1,2,2,375,101,54,0,11,186,15,61
"Las Vegas-Henderson-Paradise, NV","29820",2022,182,53,121,6,1,1,0,260,90,63,1,2,107,48,24
"Lawrenceburg, TN","29980",2022,179,167,12,0,0,0,0,80,45,19,0,0,0,179,0
"Lawton, OK","30020",2022,273,182,89,2,0,0,0,126,71,45,0,0,181,92,0
"Lebanon, PA","30140",2022,242,197,44,1,0,0,0,101,57,38,0,0,87,155,0
"Lewiston, ID-WA","30300",2022,304,253,45,2,4,0,0,180,55,30,0,0,0,304,0
"Lewiston-Auburn, ME","30340",2022,301,286,15,0,0,0,0,97,45,31,0,0,206,94,1
"Lexington-Fayette, KY","30460",2022,186,158,28,0,0,0,0,90,58,42,0,7,100,74,5
"Lima, OH","30620",2022,243,199,44,0,0,0,0,97,58,40,0,0,171,72,0
"Lincoln, NE","30700",2022,228,221,7,0,0,0,0,61,45,37,0,0,206,22,0
"Little Rock-North Little Rock-Conway, AR","30780",2022,272,190,81,1,0,0,0,115,61,43,0,3,103,166,0
"Logan, UT-ID","30860",2022,304,221,80,2,1,0,0,154,67,44,0,0,228,76,0
"Longview, TX","30980",2022,212,190,21,1,0,0,0,143,51,37,0,1,211,0,0
"Longview, WA","31020",2022,210,209,1,0,0,0,0,54,28,13,0,0,0,210,0
"Los Angeles-Long Beach-Anaheim, CA","31080",2022,182,18,131,20,13,0,0,192,129,70,1,29,86,58,8
"Louisville/Jefferson County, KY-IN","31140",2022,273,184,87,2,0,0,0,119,64,44,0,0,153,119,1
"Lubbock, TX","31180",2022,229,203,24,2,0,0,0,138,52,22,0,0,0,229,0
"Ludington, MI","31220",2022,120,107,11,1,1,0,0,161,58,38,0,0,120,0,0
"Lynchburg, VA","31340",2022,87,86,1,0,0,0,0,55,41,23,0,0,0,87,0
"Macon, GA","31420",2022,273,229,44,0,0,0,0,90,55,38,0,0,126,147,0
"Madera, CA","31460",2022,120,70,48,2,0,0,0,112,79,48,0,0,67,51,2
"Madison, WI","31540",2022,273,229,44,0,0,0,0,87,56,39,0,0,139,133,1
"Manchester-Nashua, NH","31700",2022,181,171,10,0,0,0,0,74,48,41,0,0,177,4,0
"Manitowoc, WI","31820",2022,182,151,25,4,2,0,0,182,74,39,0,0,182,0,0
"Marietta, OH","31930",2022,184,162,22,0,0,0,0,84,54,41,0,0,184,0,0
"Marshall, MN","32140",2022,180,161,18,0,1,0,0,163,51,38,0,0,109,71,0
"Marshall, TX","32220",2022,176,112,59,4,1,0,0,173,67,47,0,1,84,91,0
"Mason City, IA","32380",2022,87,87,0,0,0,0,0,42,29,17,0,0,0,0,87
"Mayaguez, PR","32420",2022,166,141,21,3,1,0,0,154,57,32,0,0,56,110,0
"McAlester, OK","32540",2022,256,195,57,4,0,0,0,139,61,43,0,0,145,111,0
"McAllen-Edinburg-Mission, TX","32580",2022,212,137,72,3,0,0,0,136,70,45,0,0,63,148,1
"Medford, OR","32780",2022,181,157,24,0,0,0,0,73,54,34,0,0,59,122,0
"Memphis, TN-MS-AR","32820",2022,273,201,63,8,1,0,0,156,70,43,0,2,167,103,1
"Merced, CA","32900",2022,90,41,47,2,0,0,0,115,85,53,0,0,31,58,1
"Meridian, MS","32940",2022,209,201,8,0,0,0,0,77,47,36,0,0,209,0,0
"Miami, OK","33060",2022,181,134,40,3,4,0,0,176,64,43,0,0,71,110,0
"Miami-Fort Lauderdale-West Palm Beach, FL","33100",2022,182,131,49,2,0,0,0,136,60,45,1,13,90,77,1
"Michigan City-La Porte, IN","33140",2022,273,236,33,4,0,0,0,143,58,38,0,0,252,21,0
"Middlesborough, KY","33180",2022,181,121,60,0,0,0,0,90,64,44,0,0,84,97,0
"Milwaukee-Waukesha-West Allis, WI","33340",2022,274,187,82,4,1,0,0,159,71,44,1,1,175,84,13
"Minneapolis-St. Paul-Bloomington, MN-WI","33460",2022,182,132,50,0,0,0,0,95,61,44,1,5,125,47,4
"Minot, ND","33500",2022,238,232,6,0,0,0,0,66,44,37,0,0,212,26,0
"Missoula, MT","33540",2022,243,162,77,4,0,0,0,140,71,43,0,0,140,103,0
"Mobile, AL","33660",2022,180,143,37,0,0,0,0,93,58,42,0,0,73,107,0
"Modesto, CA","33700",2022,186,103,76,7,0,0,0,111,91,48,1,0,89,93,3
"Monroe, LA","33740",2022,269,244,24,1,0,0,0,105,50,38,0,0,253,16,0
"Monroe, MI","33780",2022,30,26,4,0,0,0,0,82,55,27,0,0,0,0,30
"Montgomery, AL","33860",2022,181,148,33,0,0,0,0,95,58,42,0,0,105,76,0
"Morehead City, NC","33980",2022,239,227,12,0,0,0,0,77,46,38,0,0,239,0,0
"Morgantown, WV","34060",2022,137,124,13,0,0,0,0,77,50,38,0,0,116,21,0
"Morristown, TN","34100",2022,121,105,16,0,0,0,0,87,54,43,0,0,121,0,0
"Moscow, ID","34140",2022,177,177,0,0,0,0,0,25,5,0,0,0,0,177,0
"Moses Lake, WA","34180",2022,212,206,6,0,0,0,0,63,33,17,0,0,0,212,0
"Mount Vernon, IL","34500",2022,273,224,49,0,0,0,0,87,60,40,0,0,157,116,0
"Mount Vernon, OH","34540",2022,184,166,17,1,0,0,0,119,50,41,0,0,184,0,0
"Mount Vernon-Anacortes, WA","34580",2022,212,204,7,1,0,0,0,101,40,31,0,0,145,67,0
"Muncie, IN","34620",2022,237,205,31,1,0,0,0,115,56,39,0,0,218,19,0
"Muscatine, IA","34700",2022,304,269,35,0,0,0,0,87,52,31,0,0,0,303,1
"Muskegon, MI","34740",2022,122,101,15,4,2,0,0,187,61,39,0,0,122,0,0
"Myrtle Beach-Conway-North Myrtle Beach, SC-NC","34820",2022,194,178,16,0,0,0,0,93,50,39,0,0,194,0,0
"Naples-Immokalee-Marco Island, FL","34940",2022,179,169,10,0,0,0,0,79,47,38,0,0,132,47,0
"Nashville-Davidson--Murfreesboro--Franklin, TN","34980",2022,274,172,98,4,0,0,0,143,68,45,1,9,132,132,0
"New Castle, IN","35220",2022,72,65,7,0,0,0,0,94,50,29,0,0,0,72,0
"New Castle, PA","35260",2022,119,105,12,2,0,0,0,126,58,40,0,0,119,0,0
"New Haven-Milford, CT","35300",2022,182,134,47,1,0,0,0,105,63,42,1,6,115,59,1
"New Orleans-Metairie, LA","35380",2022,274,185,86,3,0,0,0,108,67,45,1,0,133,140,0
"New York-Newark-Jersey City, NY-NJ-PA","35620",2022,274,139,124,10,1,0,0,161,86,50,1,33,163,77,0
"Niles-Benton Harbor, MI","35660",2022,120,91,24,4,1,0,0,156,74,41,0,0,120,0,0
"Nogales, AZ","35700",2022,270,224,46,0,0,0,0,93,60,32,0,0,0,181,89
"North Port-Sarasota-Bradenton, FL","35840",2022,181,140,41,0,0,0,0,100,58,43,0,0,125,56,0
"Norwich-New London, CT","35980",2022,181,161,20,0,0,0,0,80,51,37,0,0,108,73,0
"Ocala, FL","36100",2022,180,151,29,0,0,0,0,93,55,42,0,0,125,55,0
"Odessa, TX","36220",2022,243,201,42,0,0,0,0,93,54,31,0,0,0,243,0
"Ogden-Clearfield, UT","36260",2022,305,165,130,10,0,0,0,147,88,49,1,9,243,47,5
"Oklahoma City, OK","36420",2022,274,140,126,8,0,0,0,129,83,50,1,15,158,96,4
"Olympia-Tumwater, WA","36500",2022,212,210,2,0,0,0,0,55,38,22,0,0,85,127,0
"Omaha-Council Bluffs, NE-IA","36540",2022,304,225,78,1,0,0,0,108,61,44,0,0,224,45,35
"Orlando-Kissimmee-Sanford, FL","36740",2022,181,143,38,0,0,0,0,97,60,44,0,0,145,36,0
"Othello, WA","36830",2022,212,212,0,0,0,0,0,36,18,11,0,0,0,212,0
"Owensboro, KY","36980",2022,181,143,37,1,0,0,0,108,58,43,0,2,100,79,0
"Oxford, NC","37080",2022,213,192,20,1,0,0,0,112,50,42,0,0,213,0,0
"Oxnard-Thousand Oaks-Ventura, CA","37100",2022,243,141,98,4,0,0,0,140,80,48,0,1,211,31,0
"Paducah, KY-IL","37140",2022,181,145,35,1,0,0,0,105,61,40,0,1,100,80,0
"Pahrump, NV","37220",2022,174,142,22,6,3,1,0,294,69,22,0,0,0,0,174
"Palatka, FL","37260",2022,151,151,0,0,0,0,0,44,29,18,0,0,0,0,151
"Palm Bay-Melbourne-Titusville, FL","37340",2022,181,154,27,0,0,0,0,80,54,42,0,0,135,46,0
"Panama City, FL","37460",2022,181,141,40,0,0,0,0,99,58,42,0,0,114,67,0
"Parkersburg-Vienna, WV","37620",2022,142,128,13,1,0,0,0,108,50,39,0,0,115,27,0
"Payson, AZ","37740",2022,273,158,97,16,2,0,0,177,90,48,0,0,257,0,16
"Pensacola-Ferry Pass-Brent, FL","37860",2022,181,124,55,2,0,0,0,133,65,45,0,0,103,78,0
"Peoria, IL","37900",2022,273,209,64,0,0,0,0,100,61,42,0,0,154,119,0
"Philadelphia-Camden-Wilmington, PA-NJ-DE-MD","37980",2022,304,169,131,4,0,0,0,126,74,48,0,40,164,100,0
"Phoenix-Mesa-Scottsdale, AZ","38060",2022,303,56,164,63,14,6,0,264,136,77,0,0,212,9,82
"Pierre, SD","38180",2022,178,175,3,0,0,0,0,58,19,3,0,0,0,178,0
"Pittsburgh, PA","38300",2022,304,177,123,4,0,0,0,129,75,46,0,33,70,173,28
"Pittsfield, MA","38340",2022,181,156,25,0,0,0,0,80,54,40,0,0,128,53,0
"Platteville, WI","38420",2022,267,238,29,0,0,0,0,77,51,28,0,0,0,267,0
"Pocatello, ID","38540",2022,263,196,66,1,0,0,0,106,67,40,0,0,85,74,104
"Ponca City, OK","38620",2022,269,233,36,0,0,0,0,92,53,33,0,0,0,269,0
"Ponce, PR","38660",2022,168,156,12,0,0,0,0,99,45,19,44,0,0,30,94
"Port Angeles, WA","38820",2022,212,205,7,0,0,0,0,67,44,35,0,0,171,41,0
"Port St. Lucie, FL","38940",2022,181,163,17,1,0,0,0,108,50,41,0,0,127,54,0
"Portland-South Portland, ME","38860",2022,304,280,21,3,0,0,0,126,49,38,0,7,273,22,2
"Portland-Vancouver-Hillsboro, OR-WA","38900",2022,212,180,32,0,0,0,0,74,58,34,0,1,122,89,0
"Portsmouth, OH","39020",2022,243,234,9,0,0,0,0,71,34,14,0,0,0,78,165
"Prescott, AZ","39140",2022,273,249,24,0,0,0,0,87,49,42,0,0,273,0,0
"Price, UT","39220",2022,272,234,38,0,0,0,0,74,54,44,0,1,261,10,0
"Prineville, OR","39260",2022,175,169,6,0,0,0,0,66,37,12,0,0,0,175,0
"Providence-Warwick, RI-MA","39300",2022,213,170,40,3,0,0,0,129,60,42,1,2,164,46,0
"Provo-Orem, UT","39340",2022,273,171,99,3,0,0,0,119,75,47,0,4,211,48,10
"Pueblo, CO","39380",2022,235,221,11,3,0,0,0,121,42,19,0,0,0,71,164
"Pullman, WA","39420",2022,212,212,0,0,0,0,0,43,24,12,0,0,0,212,0
"Quincy, IL-MO","39500",2022,206,199,7,0,0,0,0,71,48,39,0,0,206,0,0
"Racine, WI","39540",2022,185,148,34,2,1,0,0,164,67,40,0,0,185,0,0
"Raleigh, NC","39580",2022,274,217,56,1,0,0,0,140,56,43,1,0,203,70,0
"Rapid City, SD","39660",2022,181,127,53,1,0,0,0,116,66,44,0,1,121,4,55
"Reading, PA","39740",2022,243,199,43,1,0,0,0,101,60,38,0,0,100,143,0
"Red Bluff, CA","39780",2022,191,172,19,0,0,0,0,100,50,39,0,0,161,20,10
"Red Wing, MN","39860",2022,121,112,9,0,0,0,0,71,49,41,0,0,121,0,0
"Redding, CA","39820",2022,207,186,21,0,0,0,0,71,51,44,0,0,201,1,5
"Reno, NV","39900",2022,182,130,52,0,0,0,0,87,64,47,1,3,147,29,2
"Richmond, VA","40060",2022,255,218,36,1,0,0,0,112,54,39,42,13,107,92,1
"Riverside-San Bernardino-Ontario, CA","40140",2022,243,25,125,57,29,2,5,1564,164,84,0,13,116,49,65
"Riverton, WY","40180",2022,212,171,41,0,0,0,0,100,58,45,0,0,166,43,3
"Roanoke Rapids, NC","40260",2022,254,239,15,0,0,0,0,65,45,19,0,74,0,180,0
"Roanoke, VA","40220",2022,253,227,26,0,0,0,0,80,51,37,43,1,94,115,0
"Rochester, MN","40340",2022,181,161,19,1,0,0,0,110,51,38,0,0,107,74,0
"Rochester, NY","40380",2022,274,235,37,2,0,0,0,126,54,39,1,0,214,59,0
"Rock Springs, WY","40540",2022,212,176,35,0,1,0,0,157,57,43,0,0,152,31,29
"Rockford, IL","40420",2022,273,228,45,0,0,0,0,97,58,39,0,0,172,101,0
"Rockland, ME","40500",2022,209,203,6,0,0,0,0,80,45,35,0,0,209,0,0
"Rocky Mount, NC","40580",2022,264,245,19,0,0,0,0,93,49,38,0,0,204,60,0
"Rome, GA","40660",2022,236,213,23,0,0,0,0,81,50,29,0,0,0,236,0
"Roseburg, OR","40700",2022,46,31,15,0,0,0,0,64,57,42,0,0,0,46,0
"Rutland, VT","40860",2022,182,154,28,0,0,0,0,71,52,38,1,0,127,54,0
"Sacramento--Roseville--Arden-Arcade, CA","40900",2022,273,120,136,17,0,0,0,133,93,54,0,0,221,51,1
"Salem, OH","41400",2022,40,40,0,0,0,0,0,40,28,16,0,0,0,0,40
"Salem, OR","41420",2022,181,157,24,0,0,0,0,91,53,30,0,0,60,121,0
"Salinas, CA","41500",2022,182,166,16,0,0,0,0,63,49,39,1,0,135,31,15
"Salisbury, MD-DE","41540",2022,59,49,10,0,0,0,0,72,54,37,0,0,33,26,0
"Salt Lake City, UT","41620",2022,305,145,140,20,0,0,0,147,97,51,1,27,196,69,12
"San Antonio-New Braunfels, TX","41700",2022,213,104,106,3,0,0,0,129,77,51,1,1,97,113,1
"San Diego-Carlsbad, CA","41740",2022,283,156,120,6,1,0,0,156,77,49,0,2,101,176,4
"San Francisco-Oakland-Hayward, CA","41860",2022,244,159,83,2,0,0,0,122,64,44,1,2,127,114,0
"San Jose-Sunnyvale-Santa Clara, CA","41940",2022,244,167,75,2,0,0,0,112,68,44,1,0,176,67,0
"San Juan-Carolina-Caguas, PR","41980",2022,194,173,19,0,0,2,0,231,55,24,4,15,22,116,37
"San Luis Obispo-Paso Robles-Arroyo Grande, CA","42020",2022,181,64,115,2,0,0,0,115,72,55,0,0,80,92,9
"Sandpoint, ID","41760",2022,181,177,4,0,0,0,0,61,35,19,0,0,0,154,27
"Santa Cruz-Watsonville, CA","42100",2022,181,170,11,0,0,0,0,54,47,35,0,0,117,64,0
"Santa Fe, NM","42140",2022,181,146,35,0,0,0,0,97,59,45,0,0,167,14,0
"Santa Maria-Santa Barbara, CA","42200",2022,182,148,34,0,0,0,0,93,56,43,1,0,150,30,1
"Santa Rosa, CA","42220",2022,244,229,15,0,0,0,0,61,47,32,1,0,175,66,2
"Savannah, GA","42340",2022,273,229,44,0,0,0,0,97,57,39,0,0,128,145,0
"Sayre, PA","42380",2022,284,262,22,0,0,0,0,80,48,33,0,43,110,131,0
"Scottsbluff, NE","42420",2022,280,275,5,0,0,0,0,77,27,13,0,0,0,280,0
"Scranton--Wilkes-Barre--Hazleton, PA","42540",2022,305,272,33,0,0,0,0,74,51,36,1,91,100,110,3
"Seattle-Tacoma-Bellevue, WA","42660",2022,213,159,47,7,0,0,0,143,66,44,1,6,141,65,0
"Sebastian-Vero Beach, FL","42680",2022,239,231,8,0,0,0,0,67,47,34,0,0,239,0,0
"Sebring, FL","42700",2022,179,167,11,1,0,0,0,112,48,39,0,0,179,0,0
"Sevierville, TN","42940",2022,210,174,36,0,0,0,0,93,58,44,0,0,210,0,0
"Sheboygan, WI","43100",2022,186,155,24,6,1,0,0,177,80,41,0,0,186,0,0
"Shelton, WA","43220",2022,212,201,11,0,0,0,0,62,34,16,0,0,0,212,0
"Sheridan, WY","43260",2022,212,199,13,0,0,0,0,72,48,42,0,0,151,55,6
"Show Low, AZ","43320",2022,272,221,51,0,0,0,0,93,61,43,0,0,209,0,63
"Shreveport-Bossier City, LA","43340",2022,273,190,82,1,0,0,0,108,62,44,0,0,119,153,1
"Sierra Vista-Douglas, AZ","43420",2022,273,203,69,1,0,0,0,101,64,45,0,0,195,0,78
"Sioux City, IA-NE-SD","43580",2022,87,84,3,0,0,0,0,52,45,28,0,0,0,87,0
"Sioux Falls, SD","43620",2022,182,159,23,0,0,0,0,100,51,37,1,0,152,20,9
"Somerset, KY","43700",2022,181,152,29,0,0,0,0,79,54,39,0,0,92,89,0
"Somerset, PA","43740",2022,238,229,9,0,0,0,0,90,46,37,0,0,238,0,0
"Sonora, CA","43760",2022,180,177,3,0,0,0,0,71,45,37,0,0,180,0,0
"South Bend-Mishawaka, IN-MI","43780",2022,273,199,69,5,0,0,0,122,67,43,0,1,178,94,0
"Spartanburg, SC","43900",2022,271,221,50,0,0,0,0,87,56,43,0,0,152,119,0
"Spokane-Spokane Valley, WA","44060",2022,212,163,48,1,0,0,0,103,62,40,0,0,108,72,32
"Springfield, IL","44100",2022,270,222,44,4,0,0,0,126,57,40,0,0,148,122,0
"Springfield, MA","44140",2022,181,152,29,0,0,0,0,97,56,41,0,1,136,44,0
"Springfield, MO","44180",2022,181,137,44,0,0,0,0,94,62,43,0,0,81,99,1
"Springfield, OH","44220",2022,272,203,68,1,0,0,0,129,61,42,0,0,164,108,0
"St. Cloud, MN","41060",2022,155,142,13,0,0,0,0,71,49,38,0,0,90,65,0
"St. George, UT","41100",2022,273,202,71,0,0,0,0,97,64,46,0,0,262,11,0
"St. Joseph, MO-KS","41140",2022,181,142,37,2,0,0,0,106,55,41,0,0,98,51,32
"St. Louis, MO-IL","41180",2022,273,126,136,11,0,0,0,147,84,52,0,3,124,132,14
"St. Marys, PA","41260",2022,241,231,9,1,0,0,0,101,48,37,0,0,241,0,0
"State College, PA","44300",2022,302,263,39,0,0,0,0,84,53,39,0,59,181,62,0
"Steamboat Springs, CO","44460",2022,220,220,0,0,0,0,0,43,28,16,0,0,0,0,220
"Stockton-Lodi, CA","44700",2022,182,123,56,3,0,0,0,109,84,43,3,0,114,61,4
"Summerville, GA","44900",2022,214,205,9,0,0,0,0,77,47,35,0,0,214,0,0
"Syracuse, NY","45060",2022,273,262,11,0,0,0,0,67,47,37,0,0,234,39,0
"Tallahassee, FL","45220",2022,182,129,53,0,0,0,0,96,62,43,1,0,88,93,0
"Tampa-St. Petersburg-Clearwater, FL","45300",2022,181,112,68,1,0,0,0,126,67,46,0,0,116,64,1
"Taos, NM","45340",2022,177,159,18,0,0,0,0,84,52,19,0,0,0,177,0
"Terre Haute, IN","45460",2022,243,180,61,2,0,0,0,115,59,41,0,0,129,114,0
"Texarkana, TX-AR","45500",2022,210,150,60,0,0,0,0,99,62,42,0,0,0,210,0
"The Dalles, OR","45520",2022,161,161,0,0,0,0,0,38,18,12,0,0,0,161,0
"Toledo, OH","45780",2022,240,189,46,5,0,0,0,119,67,42,0,0,156,84,0
"Topeka, KS","45820",2022,181,138,43,0,0,0,0,87,59,44,0,0,114,67,0
"Torrington, CT","45860",2022,182,165,16,1,0,0,0,101,50,40,1,0,168,13,0
"Traverse City, MI","45900",2022,120,104,13,2,1,0,0,151,61,39,0,0,120,0,0
"Trenton, NJ","45940",2022,273,217,53,3,0,0,0,119,61,42,0,0,226,47,0
"Truckee-Grass Valley, CA","46020",2022,243,146,89,8,0,0,0,119,84,48,0,0,207,36,0
"Tucson, AZ","46060",2022,273,157,108,8,0,0,0,142,78,48,0,0,123,15,135
"Tulsa, OK","46140",2022,274,159,102,11,2,0,0,185,85,48,1,1,190,81,1
"Tupelo, MS","46180",2022,214,197,17,0,0,0,0,100,49,40,0,0,214,0,0
"Tuscaloosa, AL","46220",2022,139,121,18,0,0,0,0,87,53,37,0,0,107,32,0
"Twin Falls, ID","46300",2022,169,160,9,0,0,0,0,77,45,18,0,0,0,169,0
"Tyler, TX","46340",2022,210,165,39,6,0,0,0,122,67,42,0,16,194,0,0
"Urban Honolulu, HI","46520",2022,182,181,0,1,0,0,0,142,36,29,1,1,149,26,5
"Utica-Rome, NY","46540",2022,257,251,6,0,0,0,0,81,38,18,0,0,0,257,0
"Valdosta, GA","46660",2022,232,178,54,0,0,0,0,100,61,35,0,0,0,232,0
"Vallejo-Fairfield, CA","46700",2022,273,222,51,0,0,0,0,90,61,40,0,0,212,61,0
"Vermillion, SD","46820",2022,181,174,7,0,0,0,0,84,47,36,0,0,132,49,0
"Vernal, UT","46860",2022,304,227,77,0,0,0,0,93,64,46,0,1,299,4,0
"Victoria, TX","47020",2022,171,166,5,0,0,0,0,67,46,34,0,0,171,0,0
"Vincennes, IN","47180",2022,226,204,22,0,0,0,0,87,50,39,0,0,226,0,0
"Vineland-Bridgeton, NJ","47220",2022,271,246,25,0,0,0,0,84,49,38,0,3,243,25,0
"Vineyard Haven, MA","47240",2022,172,167,5,0,0,0,0,61,45,39,0,0,172,0,0
"Virginia Beach-Norfolk-Newport News, VA-NC","47260",2022,256,233,22,1,0,0,0,115,50,37,42,15,101,95,3
"Visalia-Porterville, CA","47300",2022,212,70,96,44,2,0,0,156,119,67,0,0,142,70,0
"Wabash, IN","47340",2022,241,217,23,1,0,0,0,112,50,39,0,0,241,0,0
"Waco, TX","47380",2022,243,185,58,0,0,0,0,100,64,42,4,0,155,84,0
"Walla Walla, WA","47460",2022,243,230,13,0,0,0,0,73,45,37,0,0,213,27,3
"Warner Robins, GA","47580",2022,243,198,44,1,0,0,0,102,57,33,0,0,0,243,0
"Washington Court House, OH","47920",2022,128,126,2,0,0,0,0,64,46,35,0,0,128,0,0
"Washington-Arlington-Alexandria, DC-VA-MD-WV","47900",2022,274,184,86,4,0,0,0,128,67,45,1,10,194,69,0
"Waterloo-Cedar Falls, IA","47940",2022,304,250,54,0,0,0,0,82,55,40,0,0,167,137,0
"Watertown, SD","47980",2022,181,157,23,1,0,0,0,101,54,37,0,0,141,34,6
"Watertown-Fort Atkinson, WI","48020",2022,183,168,15,0,0,0,0,87,49,39,0,0,183,0,0
"Watertown-Fort Drum, NY","48060",2022,268,260,8,0,0,0,0,84,44,34,0,0,268,0,0
"Wausau, WI","48140",2022,187,179,8,0,0,0,0,64,46,35,0,0,187,0,0
"Weirton-Steubenville, WV-OH","48260",2022,253,161,92,0,0,0,0,100,65,44,0,0,92,161,0
"Wenatchee, WA","48300",2022,212,199,13,0,0,0,0,70,45,18,0,0,0,212,0
"Wheeling, WV-OH","48540",2022,253,186,67,0,0,0,0,99,62,38,0,42,70,140,1
"Whitewater-Elkhorn, WI","48580",2022,184,165,16,3,0,0,0,105,51,40,0,0,184,0,0
"Wichita, KS","48620",2022,181,112,67,2,0,0,0,119,67,45,0,0,110,60,11
"Williamsport, PA","48700",2022,243,211,32,0,0,0,0,78,54,38,0,0,99,144,0
"Wilmington, NC","48900",2022,271,253,18,0,0,0,0,80,47,36,0,0,191,80,0
"Wilmington, OH","48940",2022,214,187,26,1,0,0,0,140,54,41,0,0,214,0,0
"Winchester, VA-WV","49020",2022,208,172,36,0,0,0,0,88,54,38,0,0,98,110,0
"Winston-Salem, NC","49180",2022,243,177,65,1,0,0,0,137,59,44,0,3,143,97,0
"Worcester, MA-CT","49340",2022,243,200,43,0,0,0,0,93,57,42,0,9,156,78,0
"Yakima, WA","49420",2022,212,164,46,2,0,0,0,109,63,29,0,0,0,210,2
"York-Hanover, PA","49620",2022,298,230,67,1,0,0,0,105,61,40,0,57,101,140,0
"Youngstown-Warren-Boardman, OH-PA","49660",2022,243,186,53,4,0,0,0,136,61,43,0,0,183,60,0
"Yuba City, CA","49700",2022,181,116,64,1,0,0,0,102,76,46,0,0,107,74,0
"Yuma, AZ","49740",2022,273,169,95,9,0,0,0,142,80,46,0,0,173,32,68
